{
    "exchange": {
        "name": "binance",
        "key": "your_api_key_here",
        "secret": "your_api_secret_here",
        "ccxt_config": {
            "enableRateLimit": true,
            "options": {
                "defaultType": "future",
                "adjustForTimeDifference": true,
                "recvWindow": 10000
            }
        },
        "ccxt_async_config": {
            "enableRateLimit": true,
            "options": {
                "defaultType": "future",
                "adjustForTimeDifference": true,
                "recvWindow": 10000
            }
        }
    },
    "trading_mode": "futures",
    "margin_mode": "cross",
    "leverage": 25,
    "unfilledtimeout": {
        "entry": 10,
        "exit": 10
    },
    "order_types": {
        "entry": "limit",
        "exit": "limit",
        "emergency_exit": "market",
        "stoploss": "market",
        "stoploss_on_exchange": true,
        "stoploss_on_exchange_interval": 60
    },
    "entry_pricing": {
        "price_side": "same",
        "use_order_book": true,
        "order_book_top": 1,
        "price_last_balance": 0.0,
        "check_depth_of_market": {
            "enabled": false,
            "bids_to_ask_delta": 1
        }
    },
    "exit_pricing": {
        "price_side": "same",
        "use_order_book": true,
        "order_book_top": 1
    },
    "dry_run": true,
    "dry_run_wallet": 1000,
    "cancel_open_orders_on_exit": true,
    "trading": {
        "enabled": true,
        "pair_whitelist": [
            "BTC/USDT",
            "ETH/USDT",
            "BNB/USDT",
            "SOL/USDT",
            "ADA/USDT",
            "XRP/USDT",
            "DOT/USDT",
            "DOGE/USDT",
            "AVAX/USDT",
            "MATIC/USDT"
        ],
        "pair_blacklist": [
            "BNB/.*"
        ]
    },
    "pairlists": [
        {
            "method": "StaticPairList"
        }
    ],
    "telegram": {
        "enabled": false,
        "token": "your_telegram_token_here",
        "chat_id": "your_telegram_chat_id_here"
    },
    "api_server": {
        "enabled": false,
        "listen_ip_address": "127.0.0.1",
        "listen_port": 8080,
        "verbosity": "error",
        "jwt_secret_key": "your_jwt_secret_key_here",
        "username": "your_username_here",
        "password": "your_password_here"
    },
    "bot_name": "binance_smart_system",
    "initial_state": "running",
    "forcebuy_enable": false,
    "internals": {
        "process_throttle_secs": 5,
        "heartbeat_interval": 60
    },
    "strategy": {
        "name": "MasterStrategy",
        "params": {
            "timeframes": ["1m", "5m", "15m", "1h", "4h"],
            "base_timeframe": "1h",
            "stoploss": -0.05,
            "trailing_stop": true,
            "trailing_stop_positive": 0.01,
            "trailing_stop_positive_offset": 0.02,
            "trailing_only_offset_is_reached": true,
            "use_custom_stoploss": true,
            "use_exit_signal": true,
            "exit_profit_only": false,
            "ignore_roi_if_entry_signal": true,
            "backtest": {
                "results_dir": "user_data/backtest_results",
                "enable_protections": true
            },
            "risk": {
                "max_position_size_pct": 20.0,
                "default_risk_pct": 2.0,
                "max_open_trades": 5,
                "max_open_trades_per_pair": 1,
                "max_drawdown_pct": 20.0,
                "max_daily_drawdown_pct": 5.0
            },
            "leverage": {
                "mode": "fixed",
                "value": 25,
                "max_leverage": 50,
                "min_leverage": 1
            },
            "position_sizing": {
                "method": "risk",
                "fixed_position_size": 100.0,
                "percentage_position_size": 5.0
            },
            "entry": {
                "confirmation_window": 3,
                "timeout": 60,
                "price_buffer": 0.001,
                "use_limit_entry": true,
                "allow_partial_entry": true,
                "min_entry_fill_pct": 0.8
            },
            "exit": {
                "timeout": 60,
                "price_buffer": 0.001,
                "use_limit_exit": true,
                "allow_partial_exit": true,
                "min_exit_fill_pct": 0.8,
                "use_staged_exit": true,
                "profit_targets": [0.05, 0.1, 0.2],
                "exit_percentages": [0.3, 0.3, 0.4],
                "use_time_exit": true,
                "max_trade_duration": 86400
            },
            "indicators": {
                "rsi_buy": 30,
                "rsi_sell": 70,
                "ema_short": 5,
                "ema_long": 21,
                "atr_multiplier": 2.0,
                "bb_period": 20,
                "bb_std": 2.0,
                "macd_fast": 12,
                "macd_slow": 26,
                "macd_signal": 9
            },
            "ml": {
                "enabled": false,
                "model_type": "lstm",
                "prediction_horizon": 12,
                "confidence_threshold": 0.7,
                "update_frequency": 24
            }
        }
    }
}
